system,workload,concurrency,e2e_ms_avg,e2e_ms_max,e2e_ms_min,e2e_ms_p50,e2e_ms_p90,e2e_ms_p95,e2e_ms_p99,itl_ms_avg,itl_ms_max,itl_ms_min,itl_ms_p50,itl_ms_p90,itl_ms_p95,itl_ms_p99,out_tok_per_s_avg,out_tok_per_s_per_user_avg,out_tok_per_s_per_user_max,out_tok_per_s_per_user_min,out_tok_per_s_per_user_p50,out_tok_per_s_per_user_p90,out_tok_per_s_per_user_p95,out_tok_per_s_per_user_p99,req_per_s_avg,ttft_ms_avg,ttft_ms_max,ttft_ms_min,ttft_ms_p50,ttft_ms_p90,ttft_ms_p95,ttft_ms_p99
h100nvl-co3,agent,1,4552.897065,4589.294121,4547.9724909999995,4550.61922,4554.996863699999,4557.613954199999,4582.9580876400005,4.4264443863651755,4.477119945273632,4.402362451076321,4.421786891596784,4.444914098715414,4.447082066483049,4.471112369515516,222.4369859639443,225.91834733483574,227.15076532499336,223.35787564853413,226.1529248234662,226.8831809186376,226.9101176005133,227.10263578009733,0.21856832658341782,52.5975736,76.88027699999999,50.133077,50.7770565,52.53700380000001,61.34151270000001,73.77252413999999
h100nvl-co3,agent,128,7589.0091831,7595.154997,7575.744984999999,7591.179172499999,7594.816034899999,7594.8912333,7595.10224426,7.003370704933976,7.322766601778656,6.850976587254902,6.940385638822069,7.148420803310805,7.163195073080049,7.290852296038935,2671.5443441949774,142.83529757003117,145.96459165549228,136.56040870633592,144.0843551773948,145.44981275898434,145.96193138653024,145.9640596016999,2.6221174306276462,460.8028801,607.194673,165.10518399999998,532.8568769999999,606.6227692,606.8321814999999,607.1221747000001
h100nvl-co3,agent,16,5781.291,6013.185176,4869.868019,6005.473777499999,6011.558761699999,6013.1147753,6013.17109586,5.436215376398211,6.931106364205257,4.668162902559055,5.43472071896452,5.670513546386992,5.797377921943073,6.7043606757528185,1842.0593306969488,185.3675819717787,214.21703159754918,144.2771106737536,184.00227109091225,213.16410657097907,213.6049235593899,214.09460998991733,1.8288913132416091,327.36172965,498.37620899999996,56.636002999999995,279.9995005,475.8783868,498.2918357,498.35933434
h100nvl-co3,agent,4,4669.993847350001,4924.7941869999995,1525.050354,4877.650861499999,4920.629540999999,4924.48623785,4924.73259717,4.682421463564965,4.786925002994012,4.5875436732673265,4.682399062312955,4.719059153740158,4.7226631767737155,4.774072637749953,789.9996982672855,213.5786645113425,217.98157602885183,208.90237456708508,213.5657760258981,214.96629707828234,215.27921539042438,217.44110390116634,0.8146846429486289,130.90382725,183.29987,57.802755999999995,135.912238,182.8938894,183.1549684,183.27088968
h100nvl-co3,agent,64,7620.8984971,7627.695725,7606.813977,7623.3956645,7627.3249385,7627.6197667999995,7627.68053336,7.249193179259546,10.306236586647726,6.858952674509803,6.982140450405463,7.391957781738106,8.70123967375044,9.985237204068266,2594.2756297777396,139.19870720376122,145.79485344990633,97.02862840307321,143.22383015389622,145.66254622114693,145.67088848880712,145.7700604576865,2.610985939792411,485.20594544999994,632.0648,191.31691899999998,557.5177735,631.5906633,631.63801345,631.97944269
h100nvl-co3,batch,1,610.7644859999999,643.6655049999999,600.578745,609.023076,611.7515535,618.42923855,638.6182517099999,4.623465754196602,8.740281539682538,4.366405047244094,4.396344893700787,4.453707643338837,4.714786506419614,7.9351825330299475,201.9908416258898,221.30729527646207,229.0213549086934,114.41279041868502,227.46170527788277,228.08437771669554,228.45804034583935,228.9086919961226,1.6224163986015245,52.89298504999999,81.54502699999999,49.941008,51.1661715,53.281207900000005,56.643165300000014,76.56465465999996
h100nvl-co3,batch,128,1394.9260642,1402.302679,1383.537012,1398.407184,1401.915274,1402.20865465,1402.28387413,7.581493859754649,9.68301856,6.463610669291339,6.87144577080315,8.640753960668333,9.53611011776378,9.653636871552756,1804.393643164659,134.15158325964993,154.71228871364534,103.27358083675922,145.538585135811,154.6209917483398,154.70389416893482,154.71060980470324,14.157659028361389,436.7163385,581.424124,173.15969199999998,532.7138709999999,580.8083839999999,580.981101,581.3355194
h100nvl-co3,batch,16,1092.43287945,1191.7169179999999,710.9005139999999,1185.286995,1191.3047775,1191.5795802999999,1191.68945046,5.701337056145581,7.838412251968504,4.599419283464567,5.180341132983377,6.626273728,6.687119712198426,7.608153744014486,1335.7546835259604,179.4590004367977,217.4187518835504,127.57685713058335,193.03931883039888,217.36757092486914,217.4169319135789,217.4183878895561,10.464196502357701,370.47186765,536.919346,56.085615999999995,357.0634975,536.6102473,536.6910439,536.87368558
h100nvl-co3,batch,4,722.6726834,755.205293,708.1465049999999,716.4277394999999,754.8884932,755.0859710999999,755.18142862,4.702056439498635,5.044539141732284,4.491380960629921,4.606457949693787,5.0346704803149605,5.04148357519685,5.043928028425197,699.5598535180634,213.04680735606357,222.64867059055902,198.23416409384862,217.08846169614586,222.63054504829324,222.6417394989671,222.64728437224065,5.48029654146544,127.14936085,167.61990699999998,73.74971099999999,131.931895,167.2922993,167.37118275,167.57016215
h100nvl-co3,batch,64,1456.2866865499998,1463.039343,1444.087531,1458.295592,1462.1338878,1462.29764475,1462.89100335,7.550149565902297,9.80371559055118,6.433335173228347,7.025027166166729,8.46678824488189,8.533920471653543,9.54975656677165,1735.1565520220806,134.4643074262442,155.44037005275203,102.00214304093029,142.35027215360736,155.3202778676715,155.36633747166488,155.4255635365346,13.577124820204075,498.8452616,646.005776,199.015651,569.7154375,644.5618903,644.74309965,645.75324073
h100nvl-co3,chat,1,1158.85016565,1166.106171,1154.347354,1157.7823315,1164.3232690999998,1164.7024310499999,1165.82542301,4.475736641435994,5.764532212435233,4.3632499490196075,4.404970343873518,4.519403847684045,4.605493905927884,5.532724551133762,214.8423306155525,224.22054927512903,229.18696193984786,173.47461392319096,227.01642383819063,229.1152255542504,229.14325078726836,229.17821970933196,0.8561160813530684,44.1226531,50.542469,37.267995,43.933389,47.1673141,49.71448605,50.37687241
h100nvl-co3,chat,128,1861.0371982,1909.926049,1382.206366,1901.466146,1909.8134814,1909.83902615,1909.9086444299999,6.2744903755286865,6.931712098425196,6.107666784313725,6.236868074880346,6.3339927856,6.365591227321261,6.818487924204408,2574.668807584607,159.47536345453804,163.72864390184031,144.2645028819342,160.33688517654554,162.45153962661556,163.15117997233318,163.61315111593888,10.406907063801969,315.09149185,352.560906,131.900198,317.6173465,352.14861169999995,352.3663612,352.52199704000003
h100nvl-co3,chat,16,1447.15563725,1503.305161,1231.642705,1502.2963614999999,1503.113013,1503.1679610499998,1503.2777210099998,4.847004697162671,5.464993843137255,4.512446243137255,4.8567336936758885,4.931934898363811,5.26212042442182,5.4244191593941675,1840.9012179413708,206.69550143393218,221.6092882038978,182.98282279965684,205.89969790603237,219.2008651441464,220.80706709680484,221.4488439824792,7.257643279879246,222.95954419999998,274.409677,56.072579,273.542737,274.2920208,274.3563668,274.39901496
h100nvl-co3,chat,4,1242.9136302999998,1278.71085,1231.778621,1233.5689435,1278.5105979,1278.6467563499998,1278.69803127,4.5413477124414925,4.661119984,4.493260564705882,4.520000986080421,4.615078192066517,4.643218165136255,4.657539620227251,812.3784564255448,220.22879109887361,222.55553302537163,214.54071198180938,221.23970471577252,222.53080249821235,222.5340610465147,222.55123862960025,3.193311542553242,92.21763025,132.663915,66.498625,86.74053699999999,132.5179837,132.6217046,132.65547292
h100nvl-co3,chat,64,1914.84425225,1922.197688,1904.5060159999998,1913.9099655,1921.687084,1921.71619665,1922.10138973,6.148767729381574,6.255811435999999,6.091220976470588,6.133965980392156,6.208414646484593,6.2282555937607835,6.250300267552157,2638.861360896219,162.6431125446347,164.17069810188138,159.85136544323424,163.0266624093827,164.13645940651713,164.15314649215696,164.1671877799365,10.340365834232834,351.87843205,368.484784,316.670668,349.83455499999997,368.1017247,368.26619089999997,368.44106538
h100nvl-co3,rag,1,1312.0957466500001,1338.556613,1301.180032,1311.4351725,1315.345439,1322.55521675,1335.35633375,4.557615980229524,4.650053705645162,4.490248184313725,4.562280830428572,4.592229316143426,4.620474329282257,4.644137830372581,191.91514679337487,219.4278780356944,222.70483923214067,215.05127968436167,219.18862917633749,221.37618301971656,221.5152419634134,222.4669197783952,0.7569124306581536,161.138945,181.46772099999998,146.810051,158.762397,170.1558733,180.62569419999997,181.29931563999997
h100nvl-co3,rag,16,3303.83510455,3700.877333,1760.115807,3686.7048815,3699.0827543,3700.7804843,3700.85796326,9.075174365424266,13.533787380392155,5.0181642,8.987382108288415,12.29663951858864,12.92017591187675,13.411065086689073,930.2745016686013,120.21346291817729,199.27606195110155,73.88914661455424,111.43709461244737,181.21979765481407,197.02715828431872,198.826281217745,3.661777215778789,1007.19330445,1862.493753,173.923777,959.0269075,1757.6905876,1862.23124615,1862.4412516300001
h100nvl-co3,rag,4,1761.65441175,1776.4116849999998,1751.9263159999998,1759.803289,1768.2866937,1776.1059959,1776.35054718,5.582502787672108,6.52743950409836,5.043625529411765,5.2978706563666425,6.332097352899878,6.3818209831109005,6.498315799900868,569.5559127775496,180.83180606910213,198.27007262306196,153.19942825546426,188.92644680246295,197.23676970531932,197.94015741097095,198.20408958064377,2.2561137364925714,358.82147549999996,498.265491,157.415449,422.894258,481.72662049999997,498.1305226,498.23849731999996
h100nvl-co3,rag,64,4699.953953249999,4721.44427,4655.181535,4704.905215,4718.7657151,4719.0835884,4720.97213368,13.288914630684097,19.008064014423073,9.489019803921568,13.029243116386555,17.171860341176473,17.586701595427037,18.723791530623867,1067.9086345440855,78.60652602401966,105.38496290067026,52.60925043398489,76.75311357227258,103.89814794835263,105.38371262602092,105.3847128457404,4.2276668034207665,1369.3951177,2311.20314,189.648808,1402.1076675,2299.0914258000003,2299.8564843999998,2308.93380888
h100nvl-co3,summarize,1,1206.19902765,1224.756981,1173.995974,1205.711765,1215.0425410999999,1223.9280832,1224.59120144,4.676154897283408,4.757236587628865,4.632482497487437,4.660485801317192,4.716555339285715,4.753212779381443,4.756431825979381,162.7914307310763,213.86518600407663,215.866978567621,210.20606849793583,214.5699205934647,215.65102636352708,215.66382907934283,215.82634866996537,0.822178943086244,285.07570055,302.674787,279.080241,282.4778055,292.1111006,296.9894189,301.53771337999996
h100nvl-co3,summarize,16,4939.4642225,6403.930077999999,2035.98751,5464.949839,6195.3015458,6205.88862345,6364.32178709,16.057601237209937,25.620465879396985,5.7518783631578945,14.878472988132971,23.912665647208122,24.910660025188125,25.478504708555214,528.3462480854478,74.5053171247958,173.85624953497458,39.03129649192532,67.27111176164297,132.3248595772224,154.30560573193148,169.94612077436594,2.663706821706316,1768.6145837999998,3614.001068,307.730286,1596.4005889999999,3421.7901174,3431.62019815,3577.5248940299994
h100nvl-co3,summarize,4,2006.8198928499999,2047.853903,1981.923153,1997.1251155,2039.9396055,2044.1362955499999,2047.1103815099998,7.106544871460374,8.76201756122449,5.551915656565656,7.115057007275803,8.667707109137057,8.732286237959702,8.756071296571532,393.36381996633907,144.57438204637228,180.11801004530875,114.12896550509197,141.1356534953735,179.17047380992602,180.01362212274287,180.09713246079556,1.983680383087943,604.19148015,947.9035719999999,262.19629399999997,613.0689414999999,898.9680663,919.2411068,942.1710789599999
h100nvl-co3,summarize,64,7036.40437055,7096.570226999999,6952.600442999999,7042.892397,7087.5826353,7091.616305699999,7095.57944274,23.059737282325184,33.5960071928934,13.019375152284264,22.89778235355538,31.32763879826544,32.62573142005076,33.40195203832487,556.1199946063253,47.13977313087615,76.80860166507675,29.765441894878837,43.70950116856223,67.52883602629716,73.73977830109494,76.19483699228039,2.813660483715281,2503.3986464,4531.753322,334.187026,2589.6075035,4194.8222458,4419.82527675,4509.367712949999
h100nvl-co3,think,1,1356.8468172999999,2715.49201,446.09262099999995,1008.588862,2181.57175,2286.8095592500003,2629.7555198499995,4.357757975729433,4.374484758064516,4.343786279569892,4.357125633865068,4.366405231334841,4.368417966579696,4.373271399767551,219.8093499567406,229.4766117135488,230.21390456139497,228.5983505043571,229.50911918132394,230.1548489422891,230.1983324226208,230.21079013364013,0.7292944590469164,46.878317700000004,94.50288499999999,41.365491,42.410305,53.4984652,58.07975295000002,87.21825858999993
h100nvl-co3,think,128,1706.1936409999998,4172.088764,725.3439979999999,1581.4003269999998,2579.797002600001,3560.96486665,4049.863984529999,5.5703865156841275,6.501798967213114,4.750928888751544,5.47185013172043,6.363747943,6.445383960860656,6.490515965942623,1258.5921993383997,181.11484270935324,210.48515425428334,153.80358652162894,182.7697318404687,200.2961837832736,207.16065410977757,209.82025422538217,4.766491949776177,327.20916514999993,364.912306,151.86072199999998,329.03301,363.9372103,364.0314793,364.73614066
h100nvl-co3,think,16,1972.7972005999998,3946.7297839999997,557.164541,2139.7426514999997,2992.8415221,3129.0496828000005,3783.1937637599985,5.012482414197333,5.321204335329342,4.783546730666666,5.008129000555029,5.147991511891892,5.163249149739439,5.289613298211361,1707.3093088022285,199.6147525148274,209.0499071722528,187.92738203279458,199.6758385814939,204.45077411105578,205.79396197171175,208.39871813214458,5.0392836741506155,287.59681839999996,359.22467,45.016844,357.9304335,358.83770789999994,359.07748269999996,359.19523254
h100nvl-co3,think,4,1156.9668469,3436.832077,384.305675,952.5402975,1799.9402633000018,2982.6173721000005,3345.9891360199995,4.635655871960564,4.892392858823529,4.462732551905388,4.65726166615874,4.768043560324324,4.7931814940222575,4.872550585863275,643.2374027438146,215.85384581156882,224.07795859804426,204.39895749509972,214.71869973718398,222.83745995264363,223.526150465063,223.96759697144802,2.7043826056077975,62.803239399999995,134.752457,40.417125999999996,44.532334999999996,134.0648927,134.4583256,134.69363072
h100nvl-co3,think,64,2121.57870155,3744.4320949999997,706.5805439999999,1870.4571655,3499.5726309000006,3720.3736499499996,3739.6204059899997,5.736070250344311,7.402752684210526,4.9429860746705705,5.466038018635837,6.767489216151203,6.8367824043136185,7.289558628231144,1800.828362417453,176.7855676127935,202.30686166087284,135.08488567136914,183.05326696292533,196.47427278154322,202.06757267795456,202.25900386428918,5.307481174233578,306.37110505,369.58829499999996,145.365825,284.3873155,368.6218528,369.41964055,369.55456411
h100nvl-co4,agent,1,4391.9791722499995,4415.006442,4382.839411999999,4389.9384355,4398.394404600001,4404.89608125,4412.98436985,4.255081294551099,4.314127323647294,4.225451461764706,4.244770654983919,4.286850925316099,4.2940268148364025,4.310107221885116,229.67129141861517,235.02160094505524,236.66110214466,231.79658943273134,235.5839897268765,236.5230866391821,236.53831870905896,236.6365454575398,0.22646678639117998,81.10910249999999,101.208924,76.832818,80.0849945,85.84402879999999,87.60388375000001,98.48791594999999
h100nvl-co4,agent,16,6224.980653,6591.632939,4775.012369,6584.970676999999,6590.9005682,6591.0368558,6591.5137223599995,5.494734384572266,6.345892327380952,4.48879406039604,5.5083622752702555,5.9457438453345075,6.03732136088615,6.284178134081991,1777.2945237211693,183.87558294828273,222.77698342698557,157.582251385711,181.5423439256453,220.90314678917832,221.9331564610365,222.60821803379577,1.7535341361759849,660.9371331499999,1006.0857699999999,72.64993299999999,600.1542115,1005.4601372,1005.8792229,1006.04446058
h100nvl-co4,agent,4,4766.50704005,4821.07159,4123.539863999999,4796.2621315,4820.4155162,4820.8227261,4821.02181722,4.506737498085306,4.671131180974478,4.430483107526881,4.476712754912736,4.624148117662237,4.646123966977366,4.666129738175056,836.7563572212447,221.94852675623534,225.70901992631792,214.0809070130595,223.37820250241634,225.12220925916833,225.458823333673,225.65898060778895,0.8292105412954561,224.59421075,281.783733,89.708343,258.873293,281.0632501,281.54602114999994,281.73619063
h100nvl-co4,batch,1,616.5814837999999,636.96053,609.8363069999999,615.4877385,620.8926187999999,623.3372278999999,634.2358695799999,4.235663421076887,4.312634508064516,4.184104984251968,4.226384212598425,4.296473222909676,4.311995280645161,4.3125066625806445,204.4103273430807,236.10616258152672,238.99973919482787,231.87682566886335,236.60887328658708,237.6609740292136,237.9031018176315,238.78041171938858,1.603847213362736,81.01339354999999,98.582124,76.039457,79.659122,83.4195806,89.15599315,96.69689782999998
h100nvl-co4,batch,128,2038.1372287,2043.498114,2019.575496,2038.163994,2042.8029015,2043.00894,2043.4002791999999,8.76900117994729,14.151557307086614,6.043741220472441,7.448843448818898,11.07605506190476,11.231588135592428,13.567563472787773,1242.3128357902651,121.78894386818186,165.4604265008272,70.66360106525056,134.2490291002133,165.35097577005325,165.4201241842376,165.45236603750928,9.735994010895494,927.9266393999999,1275.74613,222.32771799999998,1091.540346,1274.9031432999998,1275.0970320499998,1275.61631041
h100nvl-co4,batch,16,1504.84060475,1679.662259,824.373781,1672.16355,1678.7230984,1679.1865303499999,1679.56711327,6.483594649444463,11.506071267716536,4.438693692913386,5.124462346456693,8.26774428356059,8.658835304849244,10.936624075143072,1016.0235287807676,166.880656134282,225.29150898530213,86.91063845621888,195.14242507735557,222.07175621564488,225.24273252352006,225.28175369294573,7.9594479340444,683.86916015,1029.170416,89.527322,625.5767225,1028.1691399,1028.7296207499999,1029.08225695
h100nvl-co4,batch,4,813.1109263999999,827.982169,797.693261,807.4140209999999,827.4382017999999,827.5932295,827.9043811,4.733918512031496,5.810164842519685,4.370501165354331,4.428247515748032,5.718521672516536,5.743110835433071,5.7967540411023615,623.1929074298173,213.8638988175506,228.80671167122927,172.11215638527935,225.82297200650464,228.79202734367826,228.80356823694186,228.80608298437178,4.876313829654283,212.92492369999997,271.07462499999997,75.643686,251.13764749999999,270.5796284,270.7884033,271.01738066
h100nvl-co4,batch,64,1951.94865315,1957.374052,1942.372533,1954.1588345,1956.9514925999997,1957.2893005999997,1957.35710172,7.464142220899408,13.951345228346455,5.993088377952756,6.846692345238095,7.865758403930563,13.95126183031496,13.951328548740156,1292.9848537683017,140.9928283699547,166.85887758284665,71.67767578198782,146.055927675388,164.50519487714,166.7046185488248,166.82802577604227,10.153002385302722,1008.5025962999999,1196.1626159999998,170.55168899999998,1091.4950875,1195.5527545999998,1195.9451743,1196.11912766
h100nvl-co4,chat,1,1120.841355,1161.810099,1113.543611,1118.5009905,1129.1022775999998,1131.7827574,1155.80463068,4.2026388549063505,4.264759796,4.152591568627451,4.187919288235294,4.248624127091633,4.251887209720318,4.262185278744063,225.5018704390069,237.95763702886433,240.81347357995244,234.47979436917387,238.78232583681122,239.34211823482923,239.55227276268403,240.56123341649877,0.8851888927929613,54.46972529999999,95.26549999999999,48.762733999999995,51.164286499999996,61.2614083,63.83880270000002,88.98016053999996
h100nvl-co4,chat,16,1662.7213495499998,1771.18321,1231.622323,1769.6547825,1771.0294497,1771.1092886,1771.16842572,4.763940011417159,4.941384354838709,4.32711331372549,4.842893786561264,4.9031087628449805,4.921302074569244,4.937367898784816,1679.2403701441947,210.27639299427955,231.1009505639767,202.3724382056576,206.4881133466866,231.0756044914777,231.08852222894643,231.09846489697065,6.607280622247471,456.9639565,545.8121659999999,55.072179,544.347187,545.5752675,545.7373915,545.7972111
h100nvl-co4,chat,4,1252.20435045,1285.058063,1236.128301,1244.972334,1284.6467546,1284.9905835499999,1285.04456711,4.407337800657163,4.643040342519685,4.2969359450980384,4.3429792745557245,4.598789037549407,4.621255927600292,4.638683459535806,806.9024811404776,227.0499170589579,232.72397186669815,215.37611699004108,230.25675121441685,231.80150975701113,232.00253810681744,232.579685114722,3.169294898430784,134.53938374999998,179.304476,56.796054,144.833474,178.9229034,179.29807584999998,179.30319597
h100nvl-co4,rag,1,1381.1240076,1401.162774,1369.3560459999999,1379.2915345,1388.2749665,1390.6685971,1399.0639386199998,4.379909589885477,4.440931529880478,4.322705027667984,4.373952166666665,4.431121457436145,4.438423011294024,4.440429826163188,182.16142433463185,228.33161834710486,231.33662685734552,225.1779819777842,228.62618697874672,230.76531126981067,231.33216154158225,231.33573379419286,0.7191528793313535,276.1306033,291.01892699999996,269.31816499999996,275.6591995,278.1971685,279.97889910000004,288.81092141999994
h100nvl-co4,rag,16,5023.8666746,5738.246722,2234.197311,5718.367188499999,5734.2066948,5737.84697435,5738.16677247,11.831095543901618,21.415592697211153,4.823179847058823,11.145565215686274,17.657192259495798,19.6490124777177,21.06227665331246,638.0443681083017,101.7970005166035,207.33209867962944,46.69494858903555,90.33837121847174,154.06664198506812,201.08155066282998,206.08198907626954,2.510997119670609,2033.3156123499998,3838.6898429999997,316.637966,1950.2660895,3615.6877518,3838.60801665,3838.67347773
h100nvl-co4,rag,4,2208.8760739,2222.069888,2201.741477,2207.496077,2219.2798334999998,2221.86656425,2222.02922325,5.824380692141999,7.707025964,4.805330545098039,5.34364700570268,7.587364251894908,7.61433370590751,7.688487512381501,458.1883207553345,177.86969680746222,208.10222951678296,129.75173623017005,188.3606711262495,207.7199796107453,207.8367653479186,208.0491366830101,1.802471757495415,734.2223642499999,994.388154,270.940648,860.5377135,985.3986739999999,994.1389547499999,994.33831415
h100nvl-co4,summarize,1,1394.3455618499997,1408.860047,1386.8144579999998,1391.8737505,1401.3768052,1402.36775745,1407.5615890899999,4.47877418120713,4.566825279792746,4.4255889999999996,4.474701171255703,4.542249624102564,4.552575242963996,4.563975272426996,141.32986874592942,223.30238678743635,225.95862381255915,218.9704967310206,223.47889393628475,225.92435357234868,225.93936245570552,225.95477154118842,0.7130669462458599,511.22113855,522.513934,505.943947,510.39050749999996,515.8994225,517.3071189,521.47257098
h100nvl-co4,summarize,16,8069.6403953,10576.671191,2912.355307,9135.9086085,9695.1007936,10122.44084055,10485.82512091,23.19258651437602,43.01360706532663,5.324035522613065,20.396075176899725,38.684133027730276,42.368549781276805,42.88459560851666,329.1225275537288,59.078040556146526,187.8274470094434,23.2484571331406,49.176823762411956,105.82477981745946,138.23078277732282,177.9081141630192,1.6584657473102986,3498.7913756499997,7226.550416,532.560334,3189.733402,6419.7500299,6862.322429999999,7153.704818799999
h100nvl-co4,summarize,4,2874.4625070999996,2911.198497,2475.0727229999998,2900.258657,2907.6257923000003,2908.8086446999996,2910.72052654,8.634129608280444,12.198941584615385,5.303557497487437,8.948896934974748,11.957965559296483,11.971649442798608,12.15348315625203,268.1724591917049,126.92535242603351,188.55268383038188,81.97432482676558,112.30739607975993,187.63889209650785,188.16776357514993,188.47569977933549,1.376655334659676,1200.6050711999999,1855.7905549999998,488.640095,1205.622518,1838.0575233,1846.1004675999998,1853.85253752
h100nvl-co4,think,1,1194.34554245,3041.9867209999998,253.360978,922.3327595,2478.7047783000003,2744.9434399,2982.5780647799997,4.194579976157257,4.277235206896552,4.152208079365079,4.1890381505952385,4.213789770641627,4.231129289218067,4.268014023360855,226.20892266639103,238.41064022317482,240.83571460920413,233.79588720947928,238.71828467035732,239.25794899090047,239.4406859076318,240.55670886888967,0.827543159562433,52.42473475,79.874234,48.512276,51.365727,52.3049956,55.37496045000002,74.97437928999996
h100nvl-co4,think,16,1388.17275015,3240.019037,528.704291,1325.8560725,2215.0262903000003,2429.4307152500005,3077.9013726499984,14.783190071427162,189.93228449999998,4.518029642633229,5.52689798093682,7.705090958795052,17.25223892674838,155.3962753853494,1168.4550393561317,174.97829495049828,221.33542253989577,5.265034339119951,180.93522554367286,213.7520126523022,216.97594611743577,220.46352725540376,6.135232551095467,374.11576735,522.928183,54.619164,521.305566,522.5684625,522.669251,522.8763966
h100nvl-co4,think,4,1244.8439349999999,3581.884733,363.06280499999997,1094.7329264999998,2103.954497100001,2792.0041445500005,3423.908615309999,4.570175528943481,5.435349857142857,4.2177869999999995,4.543428643170426,4.785669661933276,4.840207338366126,5.31632135338751,754.6001252366823,219.41425393423575,237.09115704515185,183.9807972408347,220.09954909098641,232.27182969358927,232.677905475396,236.20850673120066,2.9505381240925996,82.2418903,183.11549599999998,52.820187999999995,60.2186525,182.8900599,182.98111944999997,183.08862069
h100nvl-conf02,agent,1,6260.3950577,6272.370016999999,6238.171109999999,6261.448437,6268.1468522,6271.203426499999,6272.136698899999,6.084654728046862,6.140936292368682,6.055601892367906,6.083658376799994,6.10817183003134,6.12550161056705,6.137849356008355,162.09017439546946,164.35010399254674,165.136351063688,162.84161769316773,164.37493126632393,165.02810754842497,165.09057789103164,165.12719642915673,0.15913816149965096,69.0281737,85.127945,62.679705999999996,68.1679025,71.9833972,73.91172915,82.88470182999998
h100nvl-conf02,agent,128,8606.23477325,8830.368471,4497.287153,8822.702987499999,8827.303514700001,8828.9205456,8830.07888592,8.177744186555685,8.7653128989899,7.9379136705767355,8.156947155685245,8.487967361952848,8.552237619678024,8.722697843127523,2235.5573681825667,122.37363455663396,125.97768651814326,114.08605848117966,122.60175420451489,125.60557280125813,125.62916689974044,125.9079825944627,2.2565432201297737,528.2942466,720.470362,158.457268,567.3189484999999,708.1078504,719.5001935,720.2763282999999
h100nvl-conf02,agent,16,7600.2472816,7949.345308,6213.349625,7941.616254,7949.276451,7949.3304499999995,7949.342336399999,7.863759883010869,15.536601995753713,6.326453997061704,7.400798286346117,8.20104475272241,12.266035007278324,14.88248859805863,1298.6132382244164,132.73735196800715,158.06643033592687,64.36413832788588,135.1208507608594,155.68160696657003,157.94058696453797,158.0412616616491,1.364734631101273,429.20329105,623.851226,130.474909,389.55067149999996,623.1894585,623.37126985,623.7552347699999
h100nvl-conf02,agent,4,6534.25999035,6662.627868,4959.4815149999995,6635.137588,6647.4313753,6662.4121781,6662.58473002,7.214255156355686,20.83723343097643,6.322679195289499,6.3640857025846325,6.708271593625894,9.320209127959087,18.533828570372947,573.0843659378739,149.33949720160265,158.16080005213874,47.991015856904,157.13178844750487,157.82314145261796,157.9325618389933,158.11515240950965,0.6006544030372852,157.43559269999997,219.817768,67.147391,169.41259499999998,219.62274319999997,219.64738169999998,219.78369074
h100nvl-conf02,agent,64,8901.983439,8911.046429,8885.976128,8904.5141945,8909.2351161,8909.365021149999,8910.71014743,8.166932815695914,8.521441759568203,7.9525027890088325,8.124576855851059,8.34223947315824,8.364927632142605,8.490138934083083,2275.4853870442817,122.4911832515302,125.74657645918738,117.35103380565398,123.0844168170689,125.2945543295401,125.62741913182228,125.72274499371436,2.2392101820943533,610.94215215,807.31534,202.626975,706.816818,805.7891406,805.91908985,807.03608997
h100nvl-conf02,batch,1,828.4646760499999,847.451554,824.967509,827.3249075,829.7540126,839.0666212499999,845.7745674500001,6.066120512262974,6.229539520325203,5.994665377952756,6.03462011023622,6.1800858821428575,6.184286793873403,6.220488975034843,152.57211645771855,164.87037488416112,166.81498248055854,160.52550862504143,165.7105214920796,166.0420494524333,166.15235666153671,166.68245731675418,1.1980535253845195,62.088611,86.12905099999999,58.930240999999995,60.936861,62.579285999999996,64.13550505000002,81.73034180999997
h100nvl-conf02,batch,128,1723.7873952,1730.3371379999999,1710.259629,1726.0925049999998,1730.1153966,1730.1975564,1730.30922168,8.906136150589443,11.980543929133859,7.3870466614173225,8.137904917322835,10.221881384914285,10.382354238856694,11.660905991078423,1465.2833246802763,114.5653747216606,135.37209738000138,83.46866435406456,122.88175081411072,135.29797168577068,135.3211727976447,135.36191246353005,11.483411635425362,596.20976685,792.020089,188.73055,692.6097555,791.8247315,791.9555545499999,792.00718211
h100nvl-conf02,batch,16,1409.186136,1524.659612,969.3600369999999,1515.6589645,1523.8737804,1524.4903371999999,1524.6257570399998,7.536874267095864,10.384955149606299,6.200020118110236,6.896700680444444,8.585826688688913,8.73372831065492,10.05470978181602,1020.8149012534357,135.473026690656,161.28979921839343,96.29314576653812,144.99894678715833,161.26633603750412,161.28795038505115,161.28942945172497,7.99698316688943,454.50705404999997,659.308053,106.084767,426.2187035,658.737258,658.9593782999999,659.2383180599999
h100nvl-conf02,batch,4,970.90210765,996.6798799999999,958.004602,964.6604595,996.4873251,996.6639522999999,996.67669446,6.392728154098975,7.019908772357724,6.202179653543308,6.2346842480314955,6.838919942285714,6.922867704617887,7.000500558809756,521.5158224280591,156.71825915466098,161.2336397622245,142.4519936694473,160.39314035189204,160.92025085758948,161.2290129109602,161.23271439197163,4.090320175906346,162.4065869,209.067301,94.817562,169.6823015,208.79077109999997,209.00627584999998,209.05509597
h100nvl-conf02,batch,64,1729.71681865,1738.153265,1716.885736,1731.60918,1735.6000221,1735.82697625,1737.6880072499998,8.9068427987215,11.992852062992124,7.384827511811023,8.137553346456693,10.235297544444444,10.3237634968004,11.659034349753778,1463.7788217132984,114.60705112397332,135.41277685912587,83.38300137011008,122.8870610303592,135.39438234000556,135.40198449071013,135.41061838544272,11.462637601513691,601.2515566,800.2014819999999,193.793524,698.404494,797.6161523999999,797.8222183999999,799.7256292799999
h100nvl-conf02,chat,1,1584.5769855499998,1611.7515329999999,1579.152281,1582.2198114999999,1591.4815959999999,1595.8616980999998,1608.5735660199998,6.029197258450052,6.206470959349593,5.978113250980392,6.008640336637515,6.0793552474103585,6.11535514677226,6.188247796834127,159.42038288474097,165.87401733840494,167.27685776712292,161.12215888057503,166.42705330666024,167.2064839142551,167.26915735514828,167.27531768472798,0.6275157759682778,59.013308450000004,86.811073,53.154374999999995,56.525333499999995,66.2159252,71.34133950000002,83.71712629999998
h100nvl-conf02,chat,128,2241.8818144499996,2247.402604,2230.971995,2241.4160005,2247.2780566999995,2247.31524105,2247.3851314099998,7.200063774705263,8.034287050980392,6.961937211764706,7.158350585268121,7.282740782433464,7.379563425625943,7.903342325909501,2241.966941483431,138.99503669733494,143.63818138292584,124.46655112701927,139.69744820794767,141.5166430061906,142.5506501348868,143.42067513331804,8.842307006442246,423.55919714999993,472.306406,182.228797,427.1203835,471.78883469999994,472.11468744999996,472.26806229
h100nvl-conf02,chat,16,1982.79770255,2067.3371899999997,1636.5157889999998,2065.995857,2066.9497117,2067.05665215,2067.28108243,6.434411488688905,6.687177979591837,6.164063078431372,6.4392411008568775,6.531210575888446,6.560835104979592,6.661909404669388,1355.2254580688864,155.47278786534025,162.23065651276227,149.53991101355982,155.29837242173897,159.93973348983297,162.22903811020328,162.23033283225047,5.336583808107448,355.40590810000003,428.64408,64.663198,427.622771,428.3178281,428.39219605,428.59370320999994
h100nvl-conf02,chat,4,1694.1811716500001,1734.296946,1679.97734,1685.9511575,1733.932243,1734.05644685,1734.24884617,6.207468387706727,6.455318983805667,6.141158470588235,6.202308035573123,6.258163523524762,6.3198523185578726,6.428225650756108,597.6647948429204,161.1189444396827,162.83572631927444,154.91101253225136,161.23051082516406,162.82615899157258,162.83362118047788,162.83530529151514,2.3470048884465755,119.77400449999999,168.301536,85.935176,117.1009495,167.844818,168.0407914,168.24938708000002
h100nvl-conf02,chat,64,2244.8474033,2250.7553749999997,2233.51286,2244.4361599999997,2250.2286846999996,2250.27447645,2250.65919529,7.09007713699007,7.296148499999999,6.959996666666667,7.057391419607843,7.202141255787952,7.229259921385542,7.282770784277108,2248.3553813077087,141.05986303557074,143.67822973095292,137.0586138700439,141.69541414912038,142.10575733356353,143.6574512631633,143.674074037395,8.841350300069637,449.06485419999996,475.68600699999996,409.475735,444.7366035,474.84599619999995,475.54281729999997,475.65736906
h100nvl-conf02,rag,1,1760.9110572499999,1799.760237,1753.150085,1758.209273,1768.5167393,1770.6366589,1793.9355213799997,6.225416664294902,6.303094349019608,6.138559549019607,6.2244574861111115,6.2877053788,6.29366606925098,6.301208693065881,143.23836821032853,160.63914102052127,162.9046671315114,158.65223406588248,160.65665061608354,161.98242689090952,162.4713855662827,162.81801081846564,0.5650428726245701,189.03439859999997,203.431195,185.390884,186.957318,195.725844,196.42416980000002,202.02978995999996
h100nvl-conf02,rag,16,4255.301726,4766.297413,2378.141158,4718.401071,4740.5999808999995,4766.289552699999,4766.295840939999,11.872266134832943,17.579185533333334,6.75148462745098,11.625850087550221,15.660131281495778,16.575496164117645,17.3784476594902,699.6164111305761,90.20601403687866,148.11557089741157,56.885456843482196,86.1080475378306,115.85646606778457,132.02916695719534,144.8982901093683,2.8147914348444023,1307.3694902999998,2476.446353,200.087212,1240.638796,2331.5343304,2476.1155753499997,2476.3801974699995
h100nvl-conf02,rag,4,2357.43253425,2369.581017,2337.453098,2362.050624,2366.2582868,2366.5536463000003,2368.97554286,7.385922093015354,8.62575649003984,6.7383968359374995,7.1265868549964555,8.487539978076564,8.624685087994056,8.625542209630682,429.8248346507042,136.5334456000881,148.403251447994,115.9318607190801,140.42660836549254,147.72981155875124,147.94238617337354,148.3110783930699,1.6892310263340704,485.5351884,642.663901,179.524271,553.757755,642.3279715,642.44227645,642.61957609
h100nvl-conf02,summarize,1,1595.2067316999999,1606.652607,1568.267501,1595.3669545,1602.8302804999998,1603.7403022,1606.0701460399998,6.336229465430731,6.449764430769231,6.264012165829145,6.315584505025126,6.419465689795918,6.4213887672017265,6.444089298055729,124.23145276122436,157.83312096888045,159.64209096768786,155.0444222783397,158.3384729371727,158.9860090729322,159.18839232025297,159.55135123820088,0.6238084497174209,339.7476721,356.20777699999996,317.988807,338.937007,344.7475523,348.78368374999997,354.72295834999994
h100nvl-conf02,summarize,16,6613.145273149999,8188.240035,2671.051497,7126.736994999999,8174.0273608,8182.32381785,8187.056791569999,21.84653644632714,32.792994311557784,7.512358953846153,24.15286786683417,30.406036444152235,31.468235175125628,32.52804248427135,412.1782086310624,54.56347735154534,133.11398006188497,30.494318100361852,41.46431280765985,97.18750172873132,114.71521771022447,129.43422759155285,2.0764645271086266,2295.2088025999997,4741.7705129999995,350.384147,2083.4934129999997,4218.387926400001,4507.05452505,4694.82731541
h100nvl-conf02,summarize,4,2657.6029289999997,2679.097233,2632.3701459999997,2657.1138379999998,2671.8076323,2673.5830871999997,2677.99440384,9.549672592852975,11.72508674489796,7.326654060301507,9.486652375699007,11.653850773822844,11.699516840834642,11.719972764085297,296.4342958063709,107.81288631001931,136.48795094862822,85.2872155027031,105.7931557509415,135.09265895884764,136.11217929947966,136.4127966187985,1.4990356298678682,779.0731692,1221.093075,329.959907,789.4716159999999,1194.7365724000001,1207.9164828499997,1218.45775657
h100nvl-conf02,think,1,1692.9585025,4018.2625989999997,300.50766799999997,1389.374032,3480.435708,3533.5478847500003,3921.319656149999,5.979556568982004,6.005530768695652,5.910718567567567,5.982691540821022,5.9977420871169205,5.9994059315446515,6.004305801265452,160.44604037126615,167.23813381490717,169.18416746942648,166.51317569007995,167.1488483382665,167.51882372269114,167.75105090315358,168.8975441561719,0.5849290571318488,56.3757751,81.811081,52.561006,54.724290499999995,58.131496000000006,64.03048390000001,78.25496157999999
h100nvl-conf02,think,128,1988.6229760499998,4405.723913,693.5121909999999,1732.2546095,3247.1376855000017,4376.8481728,4399.94876496,6.914996235815635,8.017903657142856,6.331476450726979,6.735177633995037,7.429630889473684,7.786383657857143,7.971599657285713,1074.143234443044,145.19807248814243,157.9410438911417,124.72088001570542,148.47590829213942,154.8338857624086,156.5600654003012,157.6648481929736,4.514155219344586,409.41142460000003,458.157473,170.094013,412.898549,456.3393738,456.65873304999997,457.85772500999997
h100nvl-conf02,think,16,2092.62765585,4737.598873,873.558175,1797.3300785,3606.3072247,3796.3099787500005,4549.341094149999,6.738039341087456,8.969782405405406,6.213901921052631,6.649672907817672,6.9502762711846025,7.066081251362708,8.589042174596862,1125.9567637467862,149.2077034692438,160.92947920726118,111.48542459596077,150.38333844503808,156.31370404932213,160.60853382872696,160.86529013155433,4.201331208010396,321.47961864999996,403.053071,53.272324999999995,401.295805,402.2413981,402.88642485,403.01974176999994
h100nvl-conf02,think,4,1786.2686129,5460.759862,330.80681799999996,1328.8284305,3745.079679900001,4398.868121,5248.381513799998,6.334195885648759,6.675386928571428,6.1368994812499995,6.337919093422451,6.465764413651658,6.535532241908797,6.647415991238901,543.3175546024104,157.95180796462742,162.9487338118033,149.8040504168956,157.7810826068623,162.67684970279683,162.83236662080682,162.925460373604,1.9952903217128548,72.5639921,157.170369,42.940307999999995,54.029968499999995,156.7305901,156.98627705,157.13355061000001
h100nvl-conf02,think,64,2792.36128955,5151.822071,1020.3276649999999,2458.3568705,4500.686565000001,4889.3086888,5099.31939456,6.864394619446992,7.716111226618705,6.471789104972375,6.760368052380225,7.19688778999109,7.243329731111156,7.621554927517194,1360.8231002217328,145.91361667923096,154.5167779388368,129.59896126824137,147.92101077989017,151.35730548948473,153.806080199238,154.37463839091706,3.8626826574559545,418.6085844,466.463421,179.406512,421.7858955,466.27678899999995,466.32999064999996,466.43673493
v15-70b-tp2-len8k,chat,1,6705.45587715,6729.814625999999,6631.679583,6717.9564335,6726.8450546,6727.72629895,6729.39696059,25.822460142942752,25.989796527559054,25.47366387843137,25.87334050392157,25.91039734156863,25.927370613632856,25.977311344773817,38.1293856282741,38.72687764991743,39.25622967988924,38.476638281474045,38.64982292671186,38.958780774341754,39.043268005111386,39.213637344933666,0.1489429126104457,120.74345294999999,135.895294,116.04566399999999,120.01653599999999,121.7260402,124.42286695,133.60080858999999
v15-70b-tp2-len8k,chat,4,7046.0730066999995,7060.619935,7004.743089,7051.777712,7060.3681111999995,7060.454755649999,7060.586899129999,26.231527083529407,27.09903805490196,25.898213066666667,26.007988474509805,27.032402468235293,27.06467540745098,27.092165525411765,145.10283569961433,38.1332795420209,38.612702638047644,36.901678870446446,38.449724821315314,38.61216005373938,38.61225636279702,38.612613382997516,0.5668079519516185,357.03360039999995,447.91869099999997,148.988347,417.618593,447.5656773,447.75526249999996,447.88600529999997
v15-8b-tp1-len8k,agent,1,6266.130579149999,6283.85622,6246.624499,6266.778477999999,6274.1365063,6275.82496655,6282.24996931,6.711086696423841,11.34865528702011,6.05112607925636,6.107564338090551,9.079805008505588,10.160531429090419,11.11103051543417,152.1175467033609,154.137749080657,165.25849683219502,88.11616660378593,163.7314391152297,164.7942951368644,164.95376999907648,165.1975514655713,0.1590106587606344,66.00914145,83.862562,60.757045999999995,63.537479499999996,72.03556320000001,79.94473160000001,83.07899592
v15-8b-tp1-len8k,agent,128,8926.49684265,8934.103084,8910.219981999999,8928.911157999999,8933.671994299999,8933.8029657,8934.04306034,8.166137627757633,8.562717956650246,7.959674796859666,8.07662048423839,8.342490701736283,8.41763533028778,8.533701431377754,2269.2463610961854,122.5076800037942,125.63327340892499,116.7853484212158,123.81428170974439,125.38007220671378,125.398009623306,125.5862206518012,2.230327152288747,626.1831237499999,823.1944659999999,219.061256,722.8525659999999,822.6948706,822.83234785,823.1220423699999
v15-8b-tp1-len8k,agent,16,7704.840417949999,7985.190809,6583.036486999999,7978.5523715,7984.8818116,7985.0888721,7985.17042162,8.127661078098644,26.57224885869565,6.305598588062622,7.232229753533133,7.654621723155004,8.6893948986505,22.99567806668659,1337.2861473689716,135.16971436512506,158.5892260717546,37.63324682520254,138.27007763573553,157.70615138362086,158.1602717352849,158.50343520446066,1.3666695425334405,442.60563989999997,651.666432,70.79663,418.5269995,651.3968798,651.4104754,651.6152406799999
v15-8b-tp1-len8k,agent,4,6618.1647992,6635.583599,6596.79109,6615.3292304999995,6635.0768867,6635.334984949999,6635.533876189999,6.509450958893145,9.05800484084507,6.297068958863859,6.365341352634171,6.44631332412731,6.7394276212517,8.594289396926394,602.1329419564498,154.54896487149784,158.80404145684054,110.39958772054536,157.1012887277041,158.41937967007405,158.5065725819204,158.74454768185652,0.6020727346829815,153.9296284,185.598843,89.75691499999999,168.133424,185.3439869,185.53807435,185.58668927
v15-8b-tp1-len8k,agent,64,8867.55530125,8906.787333,8273.579888,8901.030449,8906.6136125,8906.7351286,8906.77689212,8.880241391495943,17.064051731854835,7.965628276890309,8.0900291964395,9.074976029025876,13.738614481144026,16.39896428171267,2163.963786269073,116.88457231775529,125.53937558210896,58.60272904196719,123.60897621771633,124.58440549709,125.13124229723799,125.45774892513477,2.239780351155693,597.0379359,793.9111909999999,195.70871599999998,693.8812405,793.8583187999999,793.88988535,793.90692987
v15-8b-tp1-len8k,batch,1,833.4589558499999,866.29176,828.919217,831.288181,834.3256104,836.3146905,860.2963460999998,6.09395766017907,6.221987629032258,6.05564259055118,6.080445125984252,6.13522836797235,6.217564612903225,6.221103025806451,152.0332122228325,164.10582646318144,165.13524123110122,160.72034526939998,164.46166148054493,164.96323705853,165.00122857459837,165.10843869980064,1.191482854410913,62.00437055,97.225151,56.732110999999996,60.4144965,61.6535624,63.72026315000002,90.52417342999995
v15-8b-tp1-len8k,batch,128,1689.4576005,1700.0594859999999,1584.484821,1699.1105949999999,1699.9104467,1699.99184505,1700.04595781,8.979343458580002,11.965787338582677,7.450100047244094,8.30154899518584,10.240716934645668,10.327069870472442,11.638043844960627,1487.7348206300662,113.58570552283868,134.22638537182,83.57160057287528,120.46613105660552,134.18577226477674,134.1964546919981,134.2203992358556,11.705230689457641,556.5215744999999,753.8967799999999,156.609578,653.474376,753.0761512,753.5340908999999,753.8242421799999
v15-8b-tp1-len8k,batch,16,1420.659981,1542.8946329999999,954.840513,1533.210349,1542.0174709,1542.5094250999998,1542.81759142,7.587588057418704,10.675517935483871,6.229435094488188,6.882884276503937,8.744582525406452,8.901369016935485,10.32068815177419,1017.3541906892153,134.7770174970064,160.52819956095234,93.67227014589571,145.2965547549768,160.49799013535318,160.5112576194028,160.52481117264244,7.985511700857264,462.39296099999996,675.9049309999999,71.207452,441.05245149999996,674.8392372999999,675.5733012000001,675.83860504
v15-8b-tp1-len8k,batch,4,966.9301065499999,1006.1457399999999,947.011771,960.407801,1006.0706887999999,1006.1307670499999,1006.14274541,6.404810069939657,6.911260968,6.1910996718749995,6.239646342519684,6.844357264566929,6.850312461785826,6.899071266757166,523.9792400139344,156.38336877165722,161.52219363270981,144.69139635011967,160.2654934667126,160.58492665891973,160.63395650023992,161.34454620621582,4.104811907668894,155.80473494999998,207.46527999999998,90.511698,165.87161949999998,207.17310669999998,207.31426134999998,207.43507627
v15-8b-tp1-len8k,batch,64,1743.0088929,1750.600939,1729.178263,1745.04611,1749.6436022,1749.75597195,1750.43194559,8.926058221052156,11.978403968503937,7.415824212598425,8.161875606299212,10.190144567685289,10.344987260726786,11.651720626948503,1452.1278638288857,114.28619297859802,134.8467778269532,83.48357616168263,122.5208580240569,134.76229464687358,134.8285090751965,134.84312407660187,11.366950010402237,611.4636041,808.656935,207.92095899999998,708.654536,807.3378948999999,807.9395804999999,808.5134641
v15-8b-tp1-len8k,chat,1,1596.64952475,1623.587331,1590.406473,1593.64161,1602.5964644,1607.48880865,1620.3676265299998,6.068201649599058,6.171385943775101,6.024921094117647,6.054223901960785,6.123843164541832,6.1360243704955275,6.164313629119185,158.61534924925593,164.79977154478684,165.9772774412493,162.0381562764959,165.1739415501757,165.90564346570906,165.95461104266258,165.97274416153195,0.6229982295728826,57.80975885,81.628697,53.810665,56.307916999999996,60.1543586,62.35059305000001,77.77307620999997
v15-8b-tp1-len8k,chat,128,2232.4470466,2238.218676,2225.258634,2233.7186805,2234.4593357,2235.0732868,2237.5895981599997,7.196462672723494,8.181573797570849,6.9547059176470585,7.013360027667984,7.924957196078432,7.937844757917758,8.13282798964023,2260.324366728747,139.35715202389977,143.78753204539862,122.22587300953087,142.58500883730176,143.77065610846634,143.77630672471616,143.78528698126212,8.884922825191614,409.08131385,464.768667,204.40990599999998,459.49299299999996,460.7860101,461.41892805,464.09871920999996
v15-8b-tp1-len8k,chat,16,1968.1843956999999,2046.348833,1659.510896,2045.1900885,2046.0735541,2046.26619345,2046.3323050899999,6.530244023876786,7.460349004504504,6.173937796078431,6.494743921568627,6.635502662783683,6.742256727148303,7.316730549033262,1355.6572484325757,153.34290073009296,161.97118160717153,134.04198642666813,153.97065880051753,160.12630319974897,160.776536489439,161.732252583625,5.365752022293987,326.41787439999996,390.34576799999996,55.674395999999994,389.2272005,390.0751972,390.18134105,390.31288261
v15-8b-tp1-len8k,chat,4,1691.78912515,1722.076114,1678.228699,1684.965025,1721.6344791,1722.0277514,1722.0664414799999,6.2370729374685565,6.385267144,6.146350686274509,6.232129033730159,6.315288382213438,6.323210836844268,6.372855882568854,596.5798655960989,160.34745079732724,162.69816856254428,156.61051878458414,160.45883675739384,162.3711223759377,162.39107062257065,162.63674897454956,2.350590486982265,115.13150434999999,154.98246,83.59423199999999,113.870223,154.43878469999999,154.76797755,154.93956350999997
v15-8b-tp1-len8k,chat,64,2186.3842784,2239.80847,1274.8879909999998,2234.5344219999997,2238.539839,2239.0710667,2239.66098934,6.968490876146845,8.038510913725489,6.702170675,6.93251489566929,7.0233749989750685,7.146375947702404,7.860083920520871,2200.8863274511978,143.6770423659078,149.2053915800943,124.40114975679553,144.24779689521623,145.9836449648728,146.14880656786613,148.59407457764866,8.887083898450223,465.83664455,493.33086499999996,172.476729,480.664004,491.6562696,492.4015863999999,493.14500927999995
v15-8b-tp1-len8k,rag,1,1769.96306575,1818.924928,1759.41781,1768.5602669999998,1772.2587005,1776.27038115,1810.39401863,6.228015483710459,6.363800294354838,6.093045196078432,6.2242620109323035,6.29231434815917,6.297674829458778,6.350575201375626,142.51248935986223,160.5806667207752,164.12154642207705,157.13880916204644,160.66180743539792,162.2424262046624,162.4253504789532,163.7823072334523,0.562179445206557,197.52567665,235.34694,187.532736,193.147944,205.2909219,218.95756755,232.06906550999997
v15-8b-tp1-len8k,rag,16,4232.5643891,4721.070854,2355.242636,4694.2875834999995,4717.130454499999,4720.502854699999,4720.95725414,11.604267514840723,17.44806231372549,6.692909105882353,11.284344301960784,15.63816845793651,16.66638336251167,17.291726523482723,719.5877747606174,93.30973527729654,149.4118602508895,57.31295441404698,88.82437102376926,128.03877589921308,148.72748516518084,149.27498523374777,2.825236650022055,1290.02056465,2448.821398,211.064159,1230.856955,2302.3372499,2448.4061625,2448.7383509
v15-8b-tp1-len8k,rag,4,2352.0136354,2363.0954899999997,2327.086332,2356.3126884999997,2361.8067250999998,2362.689536,2363.0142991999996,7.375797537525025,8.562700818181819,6.701511823529412,7.111019748261854,8.452816316470587,8.48010039090909,8.546180732727272,431.82313003941806,136.7240759165126,149.22006053752523,116.78558217012858,140.78679130629453,148.13724684610676,149.20424643935112,149.21689771789042,1.6930920605348678,477.97377689999996,648.1071049999999,182.528157,544.536358,640.8355088,642.7133432,647.02835264
v15-8b-tp1-len8k,think,1,1476.4078367,3889.796034,426.389565,1402.367211,2469.3065157000005,3035.883910350001,3719.013609269999,6.017155872528578,6.043233321259842,5.987202246376811,6.021680259833051,6.0274671335725465,6.031518511442869,6.040890359296447,158.92423645743034,166.19227814386062,167.02291969594904,165.47433250376776,166.06660572266094,166.7347024158351,166.77139028242374,166.97261381324398,0.6705663985545584,54.81675895,89.830305,50.511962999999994,52.7267375,55.2520387,57.02851310000002,83.26994661999996
v15-8b-tp1-len8k,think,128,2399.7437203,4503.982871,877.0243959999999,2378.6039825,4042.9839159,4248.52732,4452.891760799999,6.870241001873675,7.65548100367647,6.432002396825396,6.787965263507326,7.204580168080357,7.3430451040900735,7.5929938237591905,1319.4863509362133,145.88193012381194,155.47257888049975,130.6253649535228,147.32397852857218,153.2131226360816,154.17081441109113,155.21222598661802,4.4159516430261485,404.58133285,453.28171699999996,161.609525,408.11997499999995,452.61063119999994,452.88927294999996,453.20322819
v15-8b-tp1-len8k,think,16,2083.47986705,4291.366878,59.958239999999996,1689.8821934999999,3680.1042217000004,4140.9914768,4261.29179776,6.746724101677049,8.991682206185565,6.183940015625,6.620187124471392,6.933596251327433,7.037496397919899,8.600845044532429,1066.211818460814,149.0209835232911,161.70920116839648,111.21389491635715,151.05365027981966,156.6303489574893,157.3179026259216,160.83094145990148,3.983604776614287,314.3116486,395.50210699999997,39.313427,394.136962,395.07428539999995,395.3561984,395.47292527999997
v15-8b-tp1-len8k,think,4,1854.95429715,4940.858094,388.056919,1492.7613099999999,3490.669919800002,4821.291281149999,4916.9447314300005,6.342767653279932,6.901604854166667,6.108968233215548,6.314092992348928,6.500547902783009,6.554907301350309,6.832265343603394,536.3993136491989,157.77882160512945,163.69376330405876,144.893835728117,158.37784829508718,163.16535120789956,163.4313690401911,163.64128445128523,1.8830939569920973,66.73907605,125.239982,45.738448,54.654464,124.93278959999999,125.20892079999999,125.23376976
v15-8b-tp1-len8k,think,64,2035.36207965,3625.50841,436.660187,1750.8164864999999,3441.0372852,3596.8126396999996,3619.7692559399998,7.418362257854554,19.324004,6.5186101010101005,6.78543815305069,7.1646398940259735,7.860132593246762,17.031229718649335,1346.3772238423076,142.60993469740748,153.40693560503695,51.74910955307191,147.37444920682952,152.71540401814286,153.28780132483277,153.3831087489961,5.485342121989437,392.38397475,432.37897699999996,142.134026,398.6464185,431.42027229999997,432.26782319999995,432.35674624
